{
    "type": "generic",
    "pools": [
      {
        "rolls": 1,
        "entries": [
          {
            "type": "minecraft:item",
            "name": "minecraft:written_book",
            "functions": [
              {
                "function": "minecraft:set_nbt",
                "tag": "{CustomModelData:5,resolved:0b,title:\"マイクラ人狼\",author:\"\",pages:['[{\"translate\":\"あなたは%sです。\n愛人 -->%s\",\"with\":[{\"text\":\"純愛者\",\"color\":\"#66ffa5\",\"bold\":true},{\"selector\":\"@a[tag=ToLoving]\",\"color\":\"#66ffa5\"}]}]']}"
              }
            ]
          }
        ]
      }
    ]
  }