{
    "type": "generic",
    "pools": [
      {
        "rolls": 1,
        "entries": [
          {
            "type": "minecraft:item",
            "name": "minecraft:paper",
            "functions": [
                {
                    "function": "minecraft:set_name",
                    "name":[
                        [{"text":"クリーナー","bold": true,"color": "dark_red","italic": false}]
                    ]
              },
              {
                "function": "minecraft:set_nbt",
                "tag": "{CustomModelData:-1,Enchantments:[{id:\"minecraft:vanishing_curse\",lvl:1}],HideFlags:1}"
              },{
                "function":"minecraft:set_lore",
                "lore": [
                  [{"text":"人狼陣営","italic":false,"color":"red"}],
                  [{"text":"死体の近くで能力を使用するとその死体を消すことができる","italic":false,"color":"white"}],
                  [{"text":"  能力使用後から30秒後にもう一度能力が使えるようになる","italic":false,"color":"yellow","underlined":true}],
                  [{"text":"キルをすると30秒間能力を使えなくなる","italic":false,"color":"yellow","underlined":true}]
                ]
            }
            ]
          }
        ]
      }
    ]
  }