{
    "type": "generic",
    "pools": [
      {
        "rolls": 1,
        "entries": [
          {
            "type": "minecraft:item",
            "name": "minecraft:paper",
            "functions": [
                {
                    "function": "minecraft:set_name",
                    "name":[
                        [{"text":"マフィア","bold": true,"color": "dark_red","italic": false}]
                    ]
              },
              {
                "function": "minecraft:set_nbt",
                "tag": "{CustomModelData:-1,Enchantments:[{id:\"minecraft:vanishing_curse\",lvl:1}],HideFlags:1}"
              },{
                "function":"minecraft:set_lore",
                "lore": [
                  [{"text":"人狼陣営","italic":false,"color":"red"}],
                    [{"text":"人狼の役職の一つ","italic":false,"color":"white"}],
                    [{"text":"仲間が全員死ぬまで","italic":true,"color":"dark_red","underlined": true},{"text":"弓矢でのキルを行うことができない","italic":false,"color":"red","underlined": true}]
                ]
            }
            ]
          }
        ]
      }
    ]
  }