{
    "type": "generic",
    "pools": [
      {
        "rolls": 1,
        "entries": [
          {
            "type": "minecraft:item",
            "name": "minecraft:paper",
            "functions": [
                {
                    "function": "minecraft:set_name",
                    "name":[
                        [{"text":"トリックスター","bold": true,"color": "dark_red","italic": false}]
                    ]
              },
              {
                "function": "minecraft:set_nbt",
                "tag": "{CustomModelData:-1,Enchantments:[{id:\"minecraft:vanishing_curse\",lvl:1}],HideFlags:1}"
              },{
                "function":"minecraft:set_lore",
                "lore": [
                  [{"text":"人狼陣営","italic":false,"color":"red"}],
                  [{"text":"テレポーターを三か所に設置できる","italic":false,"color":"white"}],
                  [{"text":"  すべて設置して有効化するまで他人からは見ることができない","italic":false,"color":"white"}],
                  [{"text":"有効化したあとは任意のタイミングで停電を起こすことができる","italic":false,"color":"white"}],
                  [{"text":"                              (10秒間, クールダウン150秒)","italic":false,"color":"white"}]
                ]
            }
            ]
          }
        ]
      }
    ]
  }