{
    "type": "generic",
    "pools": [
      {
        "rolls": 1,
        "entries": [
          {
            "type": "minecraft:item",
            "name": "minecraft:paper",
            "functions": [
                {
                    "function": "minecraft:set_name",
                    "name":[
                        [{"text":"占い師","bold": true,"color": "aqua","italic": false}]
                    ]
              },
              {
                "function": "minecraft:set_nbt",
                "tag": "{CustomModelData:-1,Enchantments:[{id:\"minecraft:vanishing_curse\",lvl:1}],HideFlags:1}"
              },{
                "function":"minecraft:set_lore",
                "lore": [
                  [{"text":"村人陣営","italic":false,"color":"green"}],
                  [{"text":"試合開始前に取りつき先を選択する","italic":false,"color":"white"}],
                  [{"text":"取りつき先が死亡した瞬間、取りつき先の役職をコピーする","italic":false,"color":"white"}],
                  [{"text":"  陣営カウントもコピーする","italic":false,"color":"white"}],
                  [{"text":"  トリックスターをコピーしても人狼になる","italic":false,"color":"red","underlined":true}]
                ]
            }
            ]
          }
        ]
      }
    ]
  }