{
    "type": "generic",
    "pools": [
      {
        "rolls": 1,
        "entries": [
          {
            "type": "minecraft:item",
            "name": "minecraft:paper",
            "functions": [
                {
                    "function": "minecraft:set_name",
                    "name":[
                        [{"text":"シェリフ","bold": true,"color": "#f8cd46","italic": false}]
                    ]
              },
              {
                "function": "minecraft:set_nbt",
                "tag": "{CustomModelData:-1,Enchantments:[{id:\"minecraft:vanishing_curse\",lvl:1}],HideFlags:1}"
              },{
                "function":"minecraft:set_lore",
                "lore": [
                  [{"text":"村人陣営","italic":false,"color":"green"}],
                    [{"text":"人狼を殺せる能力を持つ","italic":false,"color":"white"}],
                    [{"text":"人狼以外をキルすると自身が死んでしまう","italic":false,"color":"white"}],
                    [{"text":"オプションで狂人や第三陣営をキルすることもできる","italic":false,"color":"white"}],
                    [{"text":"能力で殺してもペスト医師を殺すと感染する","italic":false,"color":"#ffc000","underlined": true}]
                ]
            }
            ]
          }
        ]
      }
    ]
  }