{
  "type": "generic",
  "pools": [
    {
      "rolls": 1,
      "entries": [
        {
          "type": "minecraft:item",
          "name": "minecraft:paper",
          "functions": [
              {
                  "function": "minecraft:set_name",
                  "name":[
                      [{"text":"スパイ","bold": true,"color": "dark_red","italic": false}]
                  ]
            },
            {
              "function": "minecraft:set_nbt",
              "tag": "{CustomModelData:-1,Enchantments:[{id:\"minecraft:vanishing_curse\",lvl:1}],HideFlags:1}"
            },{
              "function":"minecraft:set_lore",
              "lore": [
                [{"text":"村人陣営","italic":false,"color":"green"}],
                [{"text":"人狼の味方リストに表示される村人","italic":false,"color":"white"}]
              ]
          }
          ]
        }
      ]
    }
  ]
}