{
    "type": "generic",
    "pools": [
      {
        "rolls": 1,
        "entries": [
          {
            "type": "minecraft:item",
            "name": "minecraft:paper",
            "functions": [
                {
                    "function": "minecraft:set_name",
                    "name":[
                        [{"text":"タイムロード","bold": true,"color": "#0028f5","italic": false}]
                    ]
              },
              {
                "function": "minecraft:set_nbt",
                "tag": "{CustomModelData:-1,Enchantments:[{id:\"minecraft:vanishing_curse\",lvl:1}],HideFlags:1}"
              },{
                "function":"minecraft:set_lore",
                "lore": [
                  [{"text":"村人陣営","italic":false,"color":"green"}],
                  [{"text":"時間を巻き戻すことができる能力をもつ","italic":false,"color":"white"}],
                  [{"text":"全員の位置を10秒前にいた位置まで戻すことができる","italic":false,"color":"white"}],
                  [{"text":"オプションでタイムロード中に死者を蘇生することもできる","italic":false,"color":"white"}]
                ]
            }
            ]
          }
        ]
      }
    ]
  }