{
    "type": "generic",
    "pools":[
      {
        "rolls":1,
        "entries":[
          {
            "type":"minecraft:item",
            "name":"minecraft:redstone_lamp",
            "functions":[
              {
                "function":"minecraft:set_name",
                "name": [
                  [{"text":"強制停電","italic":false,"color":"white"}]
                ]
              },{
                "function":"minecraft:set_nbt",
                "tag":"{CustomModelData:5,Enchantments:[{id:\"minecraft:vanishing_curse\",lvl:1}],HideFlags:1}"
              }
            ]
          }
        ]
      }
    ]
  }
  