{
    "type": "generic",
    "pools":[
      {
        "rolls":1,
        "entries":[
          {
            "type":"minecraft:item",
            "name":"minecraft:red_concrete",
            "functions":[
              {
                "function":"minecraft:set_name",
                "name": [
                  [{"text":"テレポーター3","italic":false,"color":"white"}]
                ]
              },{
                "function": "set_lore",
                "lore": [
                    [{"text":"テレポーター1 に飛ぶ","italic":false,"color":"white"}]
                ]
            },{
                "function":"minecraft:set_nbt",
                "tag":"{CustomModelData:3,Enchantments:[{id:\"minecraft:vanishing_curse\",lvl:1}],HideFlags:1}"
              }
            ]
          }
        ]
      }
    ]
  }
  