{
  "type": "generic",
  "pools":[
    {
      "rolls":1,
      "entries":[
        {
          "type":"minecraft:item",
          "name":"minecraft:red_concrete",
          "functions":[
            {
              "function":"minecraft:set_name",
              "name": [
                [{"text":"テレポーター2","italic":false,"color":"white"}]
              ]
            },{
                "function": "set_lore",
                "lore": [
                    [{"text":"テレポーター3 に飛ぶ","italic":false,"color":"white"}]
                ]
            },{
              "function":"minecraft:set_nbt",
              "tag":"{CustomModelData:2,Enchantments:[{id:\"minecraft:vanishing_curse\",lvl:1}],HideFlags:1}"
            }
          ]
        }
      ]
    }
  ]
}
