{
    "type": "generic",
    "pools":[
      {
        "rolls":1,
        "entries":[
          {
            "type":"minecraft:item",
            "name":"minecraft:red_stained_glass",
            "functions":[
              {
                "function":"minecraft:set_name",
                "name": [
                  [{"text":"テレポーター3","italic":false}]
                ]
              },{
                "function":"minecraft:set_nbt",
                "tag":"{CustomModelData:3}"
              }
            ]
          }
        ]
      }
    ]
  }
  