{
    "type": "generic",
    "pools": [
      {
        "rolls": 1,
        "entries": [
          {
            "type": "minecraft:item",
            "name": "minecraft:paper",
            "functions": [
                {
                    "function": "minecraft:set_name",
                    "name":[
                        [{"text":"アーソニスト","bold": true,"color": "#ee702e","italic": false}]
                    ]
              },
              {
                "function": "minecraft:set_nbt",
                "tag": "{CustomModelData:-1,Enchantments:[{id:\"minecraft:vanishing_curse\",lvl:1}],HideFlags:1}"
              },{
                "function":"minecraft:set_lore",
                "lore": [
                    [{"text":"第三陣営","italic":false,"color":"dark_purple"}],
                    [{"text":"自身の半径10マス以内で特殊能力を使うとオイルを塗ることができる","italic":false,"color":"white"}],
                    [{"text":"  オイルは塗ってからから10秒後にもう一回塗ることができる","italic":false,"color":"white"}]
                ]
            }
            ]
          }
        ]
      }
    ]
  }