{
    "type": "generic",
    "pools": [
      {
        "rolls": 1,
        "entries": [
          {
            "type": "minecraft:item",
            "name": "minecraft:paper",
            "functions": [
                {
                    "function": "minecraft:set_name",
                    "name":[
                        [{"text":"ペスト医師","bold": true,"color": "#ffc000","italic": false}]
                    ]
              },
              {
                "function": "minecraft:set_nbt",
                "tag": "{CustomModelData:-1,Enchantments:[{id:\"minecraft:vanishing_curse\",lvl:1}],HideFlags:1}"
              },{
                "function":"minecraft:set_lore",
                "lore": [
                  [{"text":"第三陣営","italic":false,"color":"dark_purple"}],
                    [{"text":"村人陣営に殺されると勝利","italic":false,"color":"white"}],
                    [{"text":"それ以外は敗北となる","italic":false,"color":"white"}]
                ]
            }
            ]
          }
        ]
      }
    ]
  }