{
    "type": "generic",
    "pools": [
      {
        "rolls": 1,
        "entries": [
          {
            "type": "minecraft:item",
            "name": "minecraft:paper",
            "functions": [
                {
                    "function": "minecraft:set_name",
                    "name":[
                        [{"text":"弁護士","bold": true,"color": "#869919","italic": false}]
                    ]
              },
              {
                "function": "minecraft:set_nbt",
                "tag": "{CustomModelData:-1,Enchantments:[{id:\"minecraft:vanishing_curse\",lvl:1}],HideFlags:1}"
              },{
                "function":"minecraft:set_lore",
                "lore": [
                  [{"text":"第三陣営","italic":false,"color":"dark_purple"}],
                    [{"text":"人狼のうちの一人(依頼人)を弁護する","italic":false,"color":"white"}],
                    [{"text":"依頼人は頭の上から弁護士と死人にしか見えないパーティクルが表示される","italic":false,"color":"white"}],
                    [{"text":"依頼人と弁護士が生存したまま依頼人の陣営が勝利条件を達成した場合、","italic":false,"color":"white"}],
                    [{"text":"  依頼人は敗北となり、弁護士が勝利を横取りしてしまう","italic":false,"color":"white"}],
                    [{"text":"弁護士が死んだ状態で依頼人が生存したまま依頼人の陣営が勝利条件を達成した場合、","italic":false,"color":"white"}],
                    [{"text":"  依頼人の陣営と一緒に勝利できる","italic":false,"color":"white"}],
                    [{"translate":"依頼人が死亡すると【%s】になる","with":[{"text":"追跡者","color": "#869919"}],"italic":false,"color":"white"}]
                ]
            }
            ]
          }
        ]
      }
    ]
  }