{
    "type": "generic",
    "pools": [
      {
        "rolls": 1,
        "entries": [
          {
            "type": "minecraft:item",
            "name": "minecraft:paper",
            "functions": [
                {
                    "function": "minecraft:set_name",
                    "name":[
                        [{"text":"追跡者","bold": true,"color": "#869919","italic": false}]
                    ]
              },
              {
                "function": "minecraft:set_nbt",
                "tag": "{CustomModelData:-1,Enchantments:[{id:\"minecraft:vanishing_curse\",lvl:1}],HideFlags:1}"
              },{
                "function":"minecraft:set_lore",
                "lore": [
                  [{"text":"第三陣営","italic":false,"color":"dark_purple"}],
                    [{"text":"追跡者は「空砲」をもっていて、使用すると数秒間一回だけダメージを防ぐシールドを貼ることができる(現在使用不可)","italic":false,"color":"white"}],
                    [{"text":"勝利条件は、各陣営の勝利時に生存していること","italic":false,"color":"white"}],
                    [{"text":"  各陣営の勝利に追加で勝利となる","italic":false,"color":"white"}]
                ]
            }
            ]
          }
        ]
      }
    ]
  }