{
    "type": "generic",
    "pools": [
      {
        "rolls": 1,
        "entries": [
          {
            "type": "minecraft:item",
            "name": "minecraft:written_book",
            "functions": [
              {
                "function": "minecraft:set_nbt",
                "tag": "{CustomModelData:5,resolved:0b,title:\"マイクラ人狼\",author:\"\",pages:['[{\"translate\":\"あなたは%sです。\",\"with\":[{\"text\":\"生霊\",\"color\":\"blue\",\"bold\":true},{\"translate\":\"取りつき先 --> %s\",\"color\":\"blue\",\"bold\":true,\"with\":[{\"selector\":\"@a[scores={Phantom=100}]\"}]}]}]']}"
              }
            ]
          }
        ]
      }
    ]
  }