{
    "type": "generic",
    "pools": [
      {
        "rolls": 1,
        "entries": [
          {
            "type": "minecraft:item",
            "name": "minecraft:written_book",
            "functions": [
              {
                "function": "minecraft:set_nbt",
                "tag": "{CustomModelData:5,resolved:0b,title:\"占い師の能力本\",author:\"\",pages:['[{\"text\":\"占い先\n\"},{\"translate\":\"%s  -->  %s\n\",\"with\":[{\"selector\":\"@a[scores={PlayerNumber=1}]\"},{\"text\":\"占う\",\"color\":\"aqua\",\"underlined\":true,\"bold\":true,\"clickEvent\":{\"action\":\"run_command\",\"value\":\"/trigger seer set 1\"}}]},{\"translate\":\"%s  -->  %s\n\",\"with\":[{\"selector\":\"@a[scores={PlayerNumber=2}]\"},{\"text\":\"占う\",\"color\":\"aqua\",\"underlined\":true,\"bold\":true,\"clickEvent\":{\"action\":\"run_command\",\"value\":\"/trigger seer set 2\"}}]},{\"translate\":\"%s  -->  %s\n\",\"with\":[{\"selector\":\"@a[scores={PlayerNumber=3}]\"},{\"text\":\"占う\",\"color\":\"aqua\",\"underlined\":true,\"bold\":true,\"clickEvent\":{\"action\":\"run_command\",\"value\":\"/trigger seer set 3\"}}]},{\"translate\":\"%s  -->  %s\n\",\"with\":[{\"selector\":\"@a[scores={PlayerNumber=4}]\"},{\"text\":\"占う\",\"color\":\"aqua\",\"underlined\":true,\"bold\":true,\"clickEvent\":{\"action\":\"run_command\",\"value\":\"/trigger seer set 4\"}}]},{\"translate\":\"%s  -->  %s\n\",\"with\":[{\"selector\":\"@a[scores={PlayerNumber=5}]\"},{\"text\":\"占う\",\"color\":\"aqua\",\"underlined\":true,\"bold\":true,\"clickEvent\":{\"action\":\"run_command\",\"value\":\"/trigger seer set 5\"}}]},{\"translate\":\"%s  -->  %s\n\",\"with\":[{\"selector\":\"@a[scores={PlayerNumber=6}]\"},{\"text\":\"占う\",\"color\":\"aqua\",\"underlined\":true,\"bold\":true,\"clickEvent\":{\"action\":\"run_command\",\"value\":\"/trigger seer set 6\"}}]},{\"translate\":\"%s  -->  %s\n\",\"with\":[{\"selector\":\"@a[scores={PlayerNumber=7}]\"},{\"text\":\"占う\",\"color\":\"aqua\",\"underlined\":true,\"bold\":true,\"clickEvent\":{\"action\":\"run_command\",\"value\":\"/trigger seer set 7\"}}]},{\"translate\":\"%s  -->  %s\n\",\"with\":[{\"selector\":\"@a[scores={PlayerNumber=8}]\"},{\"text\":\"占う\",\"color\":\"aqua\",\"underlined\":true,\"bold\":true,\"clickEvent\":{\"action\":\"run_command\",\"value\":\"/trigger seer set 8\"}}]}]','[{\"text\":\"占い先\n\"},{\"translate\":\"%s  -->  %s\n\",\"with\":[{\"selector\":\"@a[scores={PlayerNumber=9}]\"},{\"text\":\"占う\",\"color\":\"aqua\",\"underlined\":true,\"bold\":true,\"clickEvent\":{\"action\":\"run_command\",\"value\":\"/trigger seer set 9\"}}]},{\"translate\":\"%s  -->  %s\n\",\"with\":[{\"selector\":\"@a[scores={PlayerNumber=10}]\"},{\"text\":\"占う\",\"color\":\"aqua\",\"underlined\":true,\"bold\":true,\"clickEvent\":{\"action\":\"run_command\",\"value\":\"/trigger seer set 10\"}}]},{\"translate\":\"%s  -->  %s\n\",\"with\":[{\"selector\":\"@a[scores={PlayerNumber=11}]\"},{\"text\":\"占う\",\"color\":\"aqua\",\"underlined\":true,\"bold\":true,\"clickEvent\":{\"action\":\"run_command\",\"value\":\"/trigger seer set 11\"}}]},{\"translate\":\"%s  -->  %s\n\",\"with\":[{\"selector\":\"@a[scores={PlayerNumber=12}]\"},{\"text\":\"占う\",\"color\":\"aqua\",\"underlined\":true,\"bold\":true,\"clickEvent\":{\"action\":\"run_command\",\"value\":\"/trigger seer set 12\"}}]},{\"translate\":\"%s  -->  %s\n\",\"with\":[{\"selector\":\"@a[scores={PlayerNumber=13}]\"},{\"text\":\"占う\",\"color\":\"aqua\",\"underlined\":true,\"bold\":true,\"clickEvent\":{\"action\":\"run_command\",\"value\":\"/trigger seer set 13\"}}]},{\"translate\":\"%s  -->  %s\n\",\"with\":[{\"selector\":\"@a[scores={PlayerNumber=14}]\"},{\"text\":\"占う\",\"color\":\"aqua\",\"underlined\":true,\"bold\":true,\"clickEvent\":{\"action\":\"run_command\",\"value\":\"/trigger seer set 14\"}}]},{\"translate\":\"%s  -->  %s\n\",\"with\":[{\"selector\":\"@a[scores={PlayerNumber=15}]\"},{\"text\":\"占う\",\"color\":\"aqua\",\"underlined\":true,\"bold\":true,\"clickEvent\":{\"action\":\"run_command\",\"value\":\"/trigger seer set 15\"}}]},{\"translate\":\"%s  -->  %s\n\",\"with\":[{\"selector\":\"@a[scores={PlayerNumber=16}]\"},{\"text\":\"占う\",\"color\":\"aqua\",\"underlined\":true,\"bold\":true,\"clickEvent\":{\"action\":\"run_command\",\"value\":\"/trigger seer set 16\"}}]}]']}"
              }
            ]
          }
        ]
      }
    ]
  }