{
  "type": "generic",
  "pools": [
    {
      "rolls": 1,
      "entries": [
        {
          "type": "minecraft:item",
          "name": "minecraft:written_book",
          "functions": [
            {
              "function": "minecraft:set_nbt",
              "tag": "{CustomModelData:5,title:\"マイクラ人狼\",author:\"\",pages:['[{\"translate\":\"あなたは%sです。\",\"with\":[{\"text\":\"村人\",\"color\":\"green\",\"bold\":true}]}]']}"
            }
          ]
        }
      ]
    }
  ]
}