{
    "type": "generic",
    "pools": [
      {
        "rolls": 1,
        "entries": [
          {
            "type": "minecraft:item",
            "name": "minecraft:carrot_on_a_stick",
            "functions": [
              {
                "function": "set_name",
                "name": [
                  [
                    {
                      "text": "感染させる",
                      "italic": false,
                      "bold": true,
                      "color": "#ffc000"
                    }
                  ]
                ]
              },
              {
                "function": "minecraft:set_nbt",
                "tag": "{CustomModelData:12}"
              }
            ]
          }
        ]
      }
    ]
  }