{
    "type": "generic",
    "pools": [
      {
        "rolls": 1,
        "entries": [
          {
            "type": "minecraft:item",
            "name": "minecraft:carrot_on_a_stick",
            "functions": [
              {
                "function": "set_name",
                "name": [
                  [
                    {
                      "text": "空砲",
                      "italic": false,
                      "bold": true,
                      "color": "#869919"
                    }
                  ]
                ]
              },
              {
                "function": "set_count",
                "count": 3
              },
              {
                "function": "minecraft:set_nbt",
                "tag": "{CustomModelData:4}"
              }
            ]
          }
        ]
      }
    ]
  }