{
  "type": "generic",
  "pools":[
    {
      "rolls":1,
      "entries":[
        {
          "type":"minecraft:item",
          "name":"minecraft:crossbow",
          "functions":[
            {
              "function":"minecraft:set_name",
              "name": [
                [{"text":"停電のクロスボウ","italic":true}]
              ]
            },{
                "function":"minecraft:set_lore",
                "lore": [
                    [{"text":"どこぞのリーグからリスペクトしたアイテム","italic":false,"color":"white"}],
                    [{"text":"このクロスボウで打たれた人以外全員を","italic":false,"color":"white"}],
                    [{"text":"盲目状態にする","italic":false,"color":"white"}]
                ]
            },{
              "function":"minecraft:set_nbt",
              "tag":"{Charged:1b,Enchantments:[{id:\"quick_charge\",lvl:10}],HideFlags:63,ChargedProjectiles:[{id:\"tipped_arrow\",Count:1b,tag:{CustomPotionEffects:[{Id:30b,Amplifier:30b,Duration:100,ShowParticles:false}],CustomPotionColor:0}}]}"
            }
          ]
        }
      ]
    }
  ]
}
