{
  "type": "generic",
  "pools": [
    {
      "rolls": 1,
      "entries": [
        {
          "type": "minecraft:item",
          "name": "minecraft:lingering_potion",
          "functions": [
            {
              "function": "set_name",
              "name": [
                [
                  {
                    "text": "即死残留ポーション",
                    "italic": false,
                    "color": "white"
                  }
                ]
              ]
            },
            {
              "function": "minecraft:set_nbt",
              "tag": "{CustomModelData:5,CustomPotionEffects:[{Id:7b,Amplifier:4b}]}"
            }
          ]
        }
      ]
    }
  ]
}