{
    "type": "generic",
    "pools":[
      {
        "rolls":1,
        "entries":[
          {
            "type":"minecraft:item",
            "name":"minecraft:ender_pearl",
            "functions":[
              {
                "function":"minecraft:set_name",
                "name": [
                  [{"text":"エンダーパール","italic":false}]
                ]
              },{
                  "function":"minecraft:set_lore",
                  "lore": [
                      [{"text":"CKの自殺アイテム","italic":false,"color":"white"}]
                  ]
              }
            ]
          }
        ]
      }
    ]
  }
  