{
    "type": "generic",
    "pools":[
      {
        "rolls":1,
        "entries":[
          {
            "type":"minecraft:item",
            "name":"minecraft:crossbow",
            "functions":[
              {
                "function":"minecraft:set_name",
                "name": [
                  [{"text":"炸裂のクロスボウ","italic":true}]
                ]
              },{
                  "function":"minecraft:set_lore",
                  "lore": [
                      [{"text":"どこぞのリーグからリスペクトしたアイテム","italic":false,"color":"white"}],
                      [{"text":"着弾地点にいるプレイヤーを","italic":false,"color":"white"}],
                      [{"text":"消滅させる凶悪な炸裂弾を発射する","italic":false,"color":"white"}],
                      [{"text":"※トーテム貫通武器","italic":false,"color":"red"}]
                  ]
              },{
                "function":"minecraft:set_nbt",
                "tag":"{Charged:1b,Enchantments:[{id:\"quick_charge\",lvl:10}],HideFlags:63,ChargedProjectiles:[{id:\"tipped_arrow\",Count:1b,tag:{CustomPotionEffects:[{Id:30b,Amplifier:60b,Duration:100,ShowParticles:false}],CustomPotionColor:0}}]}"
              }
            ]
          }
        ]
      }
    ]
  }
  