{
    "type": "generic",
    "pools": [
      {
        "rolls": 1,
        "entries": [
          {
            "type": "minecraft:item",
            "name": "minecraft:green_dye",
            "functions": [
              {
                "function": "set_name",
                "name": [
                  [
                    {
                      "text": "吹き飛ばし",
                      "italic": false,
                      "color": "dark_green"
                    }
                  ]
                ]
              },
              {
                "function": "set_lore",
                "lore": [
                  [{"text":"使用方法   :   ","color":"yellow","italic": false}],
                  [{"text":"オフハンドに持って弓を打って使用","color": "white","italic": false}]
                ]
              },
              {
                "function": "minecraft:set_nbt",
                "tag": "{Enchantments:[{id:\"minecraft:vanishing_curse\",lvl:1}],CustomModelData:Wind}"
              }
            ]
          }
        ]
      }
    ]
  }