{
  "type": "generic",
  "pools": [
    {
      "rolls": 1,
      "entries": [
        {
          "type": "minecraft:item",
          "name": "minecraft:potion",
          "functions": [
            {
              "function": "set_name",
              "name": [
                [
                  {
                    "text": "透明化ポーション",
                    "italic": false,
                    "color": "white"
                  }
                ]
              ]
            },
            {
              "function": "minecraft:set_nbt",
              "tag": "{CustomModelData:5,CustomPotionEffects:[{Id:14b,Amplifier:0,Duration:600}],CustomPotionColor:16777215}"
            }
          ]
        }
      ]
    }
  ]
}