{
  "type": "generic",
  "pools": [
    {
      "rolls": 1,
      "entries": [
        {
          "type": "minecraft:item",
          "name": "minecraft:written_book",
          "functions": [
            {
              "function": "minecraft:set_nbt",
              "tag": "{CustomModelData:5,resolved:0b,title:\"マイクラ人狼\",author:\"\",pages:['[{\"translate\":\"%sと%sになりました\",\"color\":\"#e839b9\",\"bold\":true,\"with\":[{\"selector\":\"@a[scores={Lovers=2}]\"},{\"text\":\"恋人\"}]}]']}"
            }
          ]
        }
      ]
    }
  ]
}