{
    "type": "generic",
    "pools": [
      {
        "rolls": 1,
        "entries": [
          {
            "type": "minecraft:item",
            "name": "minecraft:written_book",
            "functions": [
              {
                "function": "minecraft:set_nbt",
                "tag": "{CustomModelData:5,title:\"ゲッサーの能力本\",author:\"\",pages:['[{\"text\":\"役職を推測する\",\"color\":\"blue\",\"underlined\":true,\"bold\":true,\"clickEvent\":{\"action\":\"run_command\",\"value\":\"/trigger ShowTargets set 1\"}}]']}"
              }
            ]
          }
        ]
      }
    ]
  }