{
    "type": "generic",
    "pools": [
      {
        "rolls": 1,
        "entries": [
          {
            "type": "minecraft:loot_table",
            "name": "maw:item/ability/sheriff_kill",
            "conditions": [
              {
                "condition": "entity_scores",
                "entity": "this",
                "scores": {
                  "CurrentRole": 6
                }
              }
            ]
          }
        ]
      },
      {
        "rolls": 1,
        "entries": [
          {
            "type": "minecraft:loot_table",
            "name": "maw:item/ability/arsonist_douse",
            "conditions": [
              {
                "condition": "entity_scores",
                "entity": "this",
                "scores": {
                  "CurrentRole": 10
                }
              }
            ]
          }
        ]
      },
      {
        "rolls": 1,
        "entries": [
          {
            "type": "minecraft:loot_table",
            "name": "maw:item/ability/time_load_rewind",
            "conditions": [
              {
                "condition": "entity_scores",
                "entity": "this",
                "scores": {
                  "CurrentRole": 11
                }
              }
            ]
          }
        ]
      },
      {
        "rolls": 1,
        "entries": [
          {
            "type": "minecraft:loot_table",
            "name": "maw:item/ability/dollmaker_wax",
            "conditions": [
              {
                "condition": "entity_scores",
                "entity": "this",
                "scores": {
                  "CurrentRole": 12,
                  "DollMaker": 1
                }
              }
            ]
          }
        ]
      },
      {
        "rolls": 1,
        "entries": [
          {
            "type": "minecraft:loot_table",
            "name": "maw:item/ability/creat_madman",
            "conditions": [
              {
                "condition": "entity_scores",
                "entity": "this",
                "scores": {
                  "CurrentRole": 12,
                  "DollMaker": 1
                }
              }
            ]
          }
        ]
      },
      {
        "rolls": 1,
        "entries": [
          {
            "type": "minecraft:loot_table",
            "name": "maw:item/ability/corpses_clear",
            "conditions": [
              {
                "condition": "entity_scores",
                "entity": "this",
                "scores": {
                  "CurrentRole": 14
                }
              }
            ]
          }
        ]
      },
      {
        "rolls": 1,
        "entries": [
          {
            "type": "minecraft:loot_table",
            "name": "maw:item/ability/vampire_bite",
            "conditions": [
              {
                "condition": "entity_scores",
                "entity": "this",
                "scores": {
                  "CurrentRole": 15
                }
              }
            ]
          }
        ]
      },
      {
        "rolls": 1,
        "entries": [
          {
            "type": "minecraft:loot_table",
            "name": "maw:item/ability/plague_doctor_infect",
            "conditions": [
              {
                "condition": "entity_scores",
                "entity": "this",
                "scores": {
                  "CurrentRole": 17
                }
              }
            ]
          }
        ]
      }
    ]
  }