{
    "type": "generic",
    "pools": [
      {
        "rolls": 1,
        "entries": [
          {
            "type": "minecraft:loot_table",
            "name": "maw:item/lore/werewolf/werewolf",
            "conditions": [
              {
                "condition": "minecraft:entity_scores",
                "entity": "this",
                "scores": {
                  "CurrentRole": 1
                }
              }
            ]
          }
        ]
      },
      {
        "rolls": 1,
        "entries": [
          {
            "type": "minecraft:loot_table",
            "name": "maw:item/lore/werewolf/madman",
            "conditions": [
              {
                "condition": "minecraft:entity_scores",
                "entity": "this",
                "scores": {
                  "CurrentRole": 2
                }
              }
            ]
          }
        ]
      },
      {
        "rolls": 1,
        "entries": [
          {
            "type": "minecraft:loot_table",
            "name": "maw:item/lore/villager/seer",
            "conditions": [
              {
                "condition": "minecraft:entity_scores",
                "entity": "this",
                "scores": {
                  "CurrentRole": 3
                }
              }
            ]
          }
        ]
      },
      {
        "rolls": 1,
        "entries": [
          {
            "type": "minecraft:loot_table",
            "name": "maw:item/lore/villager/medium",
            "conditions": [
              {
                "condition": "minecraft:entity_scores",
                "entity": "this",
                "scores": {
                  "CurrentRole": 4
                }
              }
            ]
          }
        ]
      },
      {
        "rolls": 1,
        "entries": [
          {
            "type": "minecraft:loot_table",
            "name": "maw:item/lore/villager/villager",
            "conditions": [
              {
                "condition": "minecraft:entity_scores",
                "entity": "this",
                "scores": {
                  "CurrentRole": 5
                }
              }
            ]
          }
        ]
      },
      {
        "rolls": 1,
        "entries": [
          {
            "type": "minecraft:loot_table",
            "name": "maw:item/lore/villager/sheriff",
            "conditions": [
              {
                "condition": "minecraft:entity_scores",
                "entity": "this",
                "scores": {
                  "CurrentRole": 6
                }
              }
            ]
          }
        ]
      },
      {
        "rolls": 1,
        "entries": [
          {
            "type": "minecraft:loot_table",
            "name": "maw:item/lore/villager/phantom",
            "conditions": [
              {
                "condition": "minecraft:entity_scores",
                "entity": "this",
                "scores": {
                  "CurrentRole": 7
                }
              }
            ]
          }
        ]
      },
      {
        "rolls": 1,
        "entries": [
          {
            "type": "minecraft:loot_table",
            "name": "maw:item/lore/villager/nice_guesser",
            "conditions": [
              {
                "condition": "minecraft:entity_scores",
                "entity": "this",
                "scores": {
                  "CurrentRole": 8,
                  "EvilGuesser": 0
                }
              }
            ]
          }
        ]
      },
      {
        "rolls": 1,
        "entries": [
          {
            "type": "minecraft:loot_table",
            "name": "maw:item/lore/werewolf/evil_guesser",
            "conditions": [
              {
                "condition": "minecraft:entity_scores",
                "entity": "this",
                "scores": {
                  "CurrentRole": 8,
                  "EvilGuesser": 1
                }
              }
            ]
          }
        ]
      },
      {
        "rolls": 1,
        "entries": [
          {
            "type": "minecraft:loot_table",
            "name": "maw:item/lore/neutral/lawyer",
            "conditions": [
              {
                "condition": "minecraft:entity_scores",
                "entity": "this",
                "scores": {
                  "CurrentRole": 9
                }
              }
            ]
          }
        ]
      },
      {
        "rolls": 1,
        "entries": [
          {
            "type": "minecraft:loot_table",
            "name": "maw:item/lore/neutral/arsonist",
            "conditions": [
              {
                "condition": "minecraft:entity_scores",
                "entity": "this",
                "scores": {
                  "CurrentRole": 10
                }
              }
            ]
          }
        ]
      },
      {
        "rolls": 1,
        "entries": [
          {
            "type": "minecraft:loot_table",
            "name": "maw:item/lore/villager/time_load",
            "conditions": [
              {
                "condition": "minecraft:entity_scores",
                "entity": "this",
                "scores": {
                  "CurrentRole": 11
                }
              }
            ]
          }
        ]
      },
      {
        "rolls": 1,
        "entries": [
          {
            "type": "minecraft:loot_table",
            "name": "maw:item/lore/werewolf/dollmaker",
            "conditions": [
              {
                "condition": "minecraft:entity_scores",
                "entity": "this",
                "scores": {
                  "CurrentRole": 12,
                  "DollMaker": 1
                }
              }
            ]
          }
        ]
      },
      {
        "rolls": 1,
        "entries": [
          {
            "type": "minecraft:loot_table",
            "name": "maw:item/lore/villager/spy",
            "conditions": [
              {
                "condition": "minecraft:entity_scores",
                "entity": "this",
                "scores": {
                  "CurrentRole": 13
                }
              }
            ]
          }
        ]
      },
      {
        "rolls": 1,
        "entries": [
          {
            "type": "minecraft:loot_table",
            "name": "maw:item/lore/werewolf/cleaner",
            "conditions": [
              {
                "condition": "minecraft:entity_scores",
                "entity": "this",
                "scores": {
                  "CurrentRole": 14
                }
              }
            ]
          }
        ]
      },
      {
        "rolls": 1,
        "entries": [
          {
            "type": "minecraft:loot_table",
            "name": "maw:item/lore/werewolf/vampire",
            "conditions": [
              {
                "condition": "minecraft:entity_scores",
                "entity": "this",
                "scores": {
                  "CurrentRole": 15
                }
              }
            ]
          }
        ]
      },
      {
        "rolls": 1,
        "entries": [
          {
            "type": "minecraft:loot_table",
            "name": "maw:item/lore/neutral/jester",
            "conditions": [
              {
                "condition": "minecraft:entity_scores",
                "entity": "this",
                "scores": {
                  "CurrentRole": 16
                }
              }
            ]
          }
        ]
      },
      {
        "rolls": 1,
        "entries": [
          {
            "type": "minecraft:loot_table",
            "name": "maw:item/lore/neutral/plague_doctor",
            "conditions": [
              {
                "condition": "minecraft:entity_scores",
                "entity": "this",
                "scores": {
                  "CurrentRole": 17
                }
              }
            ]
          }
        ]
      },
      {
        "rolls": 1,
        "entries": [
          {
            "type": "minecraft:loot_table",
            "name": "maw:item/lore/werewolf/mafia",
            "conditions": [
              {
                "condition": "minecraft:entity_scores",
                "entity": "this",
                "scores": {
                  "CurrentRole": 18
                }
              }
            ]
          }
        ]
      },
      {
        "rolls": 1,
        "entries": [
          {
            "type": "minecraft:loot_table",
            "name": "maw:item/lore/werewolf/trickster",
            "conditions": [
              {
                "condition": "minecraft:entity_scores",
                "entity": "this",
                "scores": {
                  "CurrentRole": 19
                }
              }
            ]
          }
        ]
      },
      {
        "rolls": 1,
        "entries": [
          {
            "type": "minecraft:loot_table",
            "name": "maw:item/lore/neutral/unilateral_lover",
            "conditions": [
              {
                "condition": "minecraft:entity_scores",
                "entity": "this",
                "scores": {
                  "CurrentRole": 20
                }
              }
            ]
          }
        ]
      }
    ]
  }