{
    "type": "generic",
    "pools": [
      {
        "rolls": 1,
        "entries": [
          {
            "type": "minecraft:loot_table",
            "name": "maw:item/lore/lovers/lovers1",
            "conditions": [
              {
                "condition": "minecraft:entity_scores",
                "entity": "this",
                "scores": {
                  "Lovers": 1
                }
              }
            ]
          }
        ]
      },
      {
        "rolls": 1,
        "entries": [
          {
            "type": "minecraft:loot_table",
            "name": "maw:item/lore/lovers/lovers2",
            "conditions": [
              {
                "condition": "minecraft:entity_scores",
                "entity": "this",
                "scores": {
                  "Lovers": 2
                }
              }
            ]
          }
        ]
      }
    ]
  }