{
  "type": "generic",
  "pools": [
    {
      "rolls": 1,
      "entries": [
        {
          "type": "minecraft:loot_table",
          "name": "maw:item/special/ikare_potion",
          "conditions": [
            {
              "condition": "minecraft:entity_scores",
              "entity": "this",
              "scores": {
                "random_item": 1
              }
            }
          ]
        },
        {
          "type": "minecraft:loot_table",
          "name": "maw:item/special/totem_of_undying",
          "conditions": [
            {
              "condition": "minecraft:entity_scores",
              "entity": "this",
              "scores": {
                "random_item": 2
              }
            }
          ]
        },
        {
          "type": "minecraft:loot_table",
          "name": "maw:item/special/netherite_axe",
          "conditions": [
            {
              "condition": "minecraft:entity_scores",
              "entity": "this",
              "scores": {
                "random_item": 3
              }
            }
          ]
        },
        {
          "type": "minecraft:loot_table",
          "name": "maw:item/special/invisible_potion",
          "conditions": [
            {
              "condition": "minecraft:entity_scores",
              "entity": "this",
              "scores": {
                "random_item": 4
              }
            }
          ]
        },
        {
          "type": "minecraft:loot_table",
          "name": "maw:item/special/machinegun",
          "conditions": [
            {
              "condition": "minecraft:entity_scores",
              "entity": "this",
              "scores": {
                "random_item": 5
              }
            }
          ]
        },
        {
          "type": "minecraft:loot_table",
          "name": "maw:item/special/ender_pearl",
          "conditions": [
            {
              "condition": "minecraft:entity_scores",
              "entity": "this",
              "scores": {
                "random_item": 6
              }
            }
          ]
        },
        {
          "type": "minecraft:loot_table",
          "name": "maw:item/special/shield",
          "conditions": [
            {
              "condition": "minecraft:entity_scores",
              "entity": "this",
              "scores": {
                "random_item": 7
              }
            }
          ]
        },
        {
          "type": "minecraft:loot_table",
          "name": "maw:item/special/blind_crossbow",
          "conditions": [
            {
              "condition": "minecraft:entity_scores",
              "entity": "this",
              "scores": {
                "random_item": 8
              }
            }
          ]
        },
        {
          "type": "minecraft:loot_table",
          "name": "maw:item/special/explode_crossbow",
          "conditions": [
            {
              "condition": "minecraft:entity_scores",
              "entity": "this",
              "scores": {
                "random_item": 9
              }
            }
          ]
        }
      ]
    }
  ]
}