{
    "type": "generic",
    "pools": [
      {
        "rolls": 1,
        "entries": [
          {
            "type": "minecraft:item",
            "name": "minecraft:written_book",
            "functions": [
              {
                "function": "minecraft:set_nbt",
                "tag": "{CustomModelData:5,resolved:0b,title:\"マイクラ人狼\",author:\"\",pages:['[{\"translate\":\"あなたは%sです。\n%s\n\n%s\",\"with\":[{\"text\":\"ヴァンパイア\",\"color\":\"dark_red\",\"bold\":true},{\"selector\":\"@a[scores={WerewolfBook=1}]\"},{\"text\":\"弓矢は見かけだけの一撃弓で0ダメージなので注意\",\"color\":\"red\",\"underlined\":true}]}]']}"
              }
            ]
          }
        ]
      }
    ]
  }