{
  "type": "generic",
  "pools": [
    {
      "rolls": 1,
      "entries": [
        {
          "type": "minecraft:item",
          "name": "minecraft:written_book",
          "functions": [
            {
              "function": "minecraft:set_nbt",
              "tag": "{CustomModelData:5,resolved:0b,title:\"マイクラ人狼\",author:\"\",pages:['[{\"translate\":\"あなた達は%sです。\n%s\",\"with\":[{\"text\":\"人狼\",\"color\":\"red\",\"bold\":true},{\"selector\":\"@a[scores={WerewolfBook=1}]\"}]}]']}"
            }
          ]
        }
      ]
    }
  ]
}